{"cameraMode":{"drawMode":0,"name":"Shaded","section":"Shading Mode"},"sceneLighting":false,"audioPlay":false,"sceneViewState":{"m_AlwaysRefresh":false,"showFog":true,"showSkybox":false,"showFlares":true,"showImageEffects":true,"showParticleSystems":true,"showVisualEffectGraphs":true,"m_FxEnabled":true},"in2DMode":false,"pivot":{"x":957.3565673828125,"y":542.5811157226563,"z":1.2361316680908204},"rotation":{"x":-0.12001799046993256,"y":0.0065504638478159908,"z":-0.000786318676546216,"w":-0.9927632212638855},"size":3.301145076751709,"orthographic":false}